<robot>
    <robot_specifications>
        <initial_pose>
            <x>0</x>
            <y>0</y>
            <theta>0</theta>
        </initial_pose>
        <footprint>
            <footprint_specifications>
                <radius>0.15</radius>
                <points />
            </footprint_specifications>
        </footprint>
        <laser>
            <laser_specifications>
                <max_angle>2.0944</max_angle>
                <min_angle>-2.0944</min_angle>
                <max_range>5.6</max_range>
                <min_range>0.06</min_range>
                <num_rays>672</num_rays>
                <frequency>10</frequency>
                <frame_id>laser_1</frame_id>
                <pose>
                    <x>0</x>
                    <y>0</y>
                    <theta>0</theta>
                </pose>
                <noise>
                    <noise_specifications>
                        <noise_mean>0</noise_mean>
                        <noise_std>0</noise_std>
                    </noise_specifications>
                </noise>
            </laser_specifications>
        </laser>
        <sonar>
            <sonar_specifications>
                <cone_angle>0.261799</cone_angle>
                <max_range>5</max_range>
                <min_range>0.1</min_range>
                <frequency>20</frequency>
                <frame_id>sonar_0</frame_id>
                <pose>
                    <x>0.076</x>
                    <y>0.1</y>
                    <theta>1.5708</theta>
                </pose>
                <noise>
                    <noise_specifications>
                        <noise_mean>0</noise_mean>
                        <noise_std>0</noise_std>
                    </noise_specifications>
                </noise>
            </sonar_specifications>
        </sonar>
        <sonar>
            <sonar_specifications>
                <cone_angle>0.261799</cone_angle>
                <max_range>5</max_range>
                <min_range>0.1</min_range>
                <frequency>20</frequency>
                <frame_id>sonar_1</frame_id>
                <pose>
                    <x>0.125</x>
                    <y>0.075</y>
                    <theta>0.698132</theta>
                </pose>
                <noise>
                    <noise_specifications>
                        <noise_mean>0</noise_mean>
                        <noise_std>0</noise_std>
                    </noise_specifications>
                </noise>
            </sonar_specifications>
        </sonar>
        <sonar>
            <sonar_specifications>
                <cone_angle>0.261799</cone_angle>
                <max_range>5</max_range>
                <min_range>0.1</min_range>
                <frequency>20</frequency>
                <frame_id>sonar_2</frame_id>
                <pose>
                    <x>0.15</x>
                    <y>0.03</y>
                    <theta>0.261799</theta>
                </pose>
                <noise>
                    <noise_specifications>
                        <noise_mean>0</noise_mean>
                        <noise_std>0</noise_std>
                    </noise_specifications>
                </noise>
            </sonar_specifications>
        </sonar>
        <sonar>
            <sonar_specifications>
                <cone_angle>0.261799</cone_angle>
                <max_range>5</max_range>
                <min_range>0.1</min_range>
                <frequency>20</frequency>
                <frame_id>sonar_3</frame_id>
                <pose>
                    <x>0.15</x>
                    <y>-0.03</y>
                    <theta>-0.261799</theta>
                </pose>
                <noise>
                    <noise_specifications>
                        <noise_mean>0</noise_mean>
                        <noise_std>0</noise_std>
                    </noise_specifications>
                </noise>
            </sonar_specifications>
        </sonar>
        <sonar>
            <sonar_specifications>
                <cone_angle>0.261799</cone_angle>
                <max_range>5</max_range>
                <min_range>0.1</min_range>
                <frequency>20</frequency>
                <frame_id>sonar_4</frame_id>
                <pose>
                    <x>0.125</x>
                    <y>-0.075</y>
                    <theta>-0.715585</theta>
                </pose>
                <noise>
                    <noise_specifications>
                        <noise_mean>0</noise_mean>
                        <noise_std>0</noise_std>
                    </noise_specifications>
                </noise>
            </sonar_specifications>
        </sonar>
        <sonar>
            <sonar_specifications>
                <cone_angle>0.261799</cone_angle>
                <max_range>5</max_range>
                <min_range>0.1</min_range>
                <frequency>20</frequency>
                <frame_id>sonar_5</frame_id>
                <pose>
                    <x>0.076</x>
                    <y>-0.1</y>
                    <theta>-1.5708</theta>
                </pose>
                <noise>
                    <noise_specifications>
                        <noise_mean>0</noise_mean>
                        <noise_std>0</noise_std>
                    </noise_specifications>
                </noise>
            </sonar_specifications>
        </sonar>
        <sonar>
            <sonar_specifications>
                <cone_angle>0.261799</cone_angle>
                <max_range>5</max_range>
                <min_range>0.1</min_range>
                <frequency>20</frequency>
                <frame_id>sonar_6</frame_id>
                <pose>
                    <x>-0.14</x>
                    <y>-0.058</y>
                    <theta>-2.53073</theta>
                </pose>
                <noise>
                    <noise_specifications>
                        <noise_mean>0</noise_mean>
                        <noise_std>0</noise_std>
                    </noise_specifications>
                </noise>
            </sonar_specifications>
        </sonar>
        <sonar>
            <sonar_specifications>
                <cone_angle>0.261799</cone_angle>
                <max_range>5</max_range>
                <min_range>0.1</min_range>
                <frequency>20</frequency>
                <frame_id>sonar_7</frame_id>
                <pose>
                    <x>-0.14</x>
                    <y>0.058</y>
                    <theta>2.53073</theta>
                </pose>
                <noise>
                    <noise_specifications>
                        <noise_mean>0</noise_mean>
                        <noise_std>0</noise_std>
                    </noise_specifications>
                </noise>
            </sonar_specifications>
        </sonar>
	<rfid_reader>
	    <rfid_reader_specifications>
		<max_range>1</max_range>
		<angle_span>6.28319</angle_span>
		<signal_cutoff>0</signal_cutoff>
		<frequency>10</frequency>
		<frame_id>rfid_reader_0</frame_id>
		<pose>
		    <x>0</x>
		    <y>0</y>
		    <theta>0</theta>
		</pose>
	    </rfid_reader_specifications>
	</rfid_reader>
    </robot_specifications>
</robot>
