<robot>
    <robot_specifications>
        <initial_pose>
            <x>0</x>
            <y>0</y>
            <theta>0</theta>
        </initial_pose>
        <footprint>
            <footprint_specifications>
                <radius>0.15</radius>
                <points />
            </footprint_specifications>
        </footprint>
        <laser>
            <laser_specifications>
                <max_angle>3.14159</max_angle>
                <min_angle>-3.14159</min_angle>
                <max_range>8</max_range>
                <min_range>0.15</min_range>
                <num_rays>400</num_rays>
                <frequency>10</frequency>
                <frame_id>laser_1</frame_id>
                <pose>
                    <x>0.09</x>
                    <y>0</y>
                    <theta>0</theta>
                </pose>
                <noise>
                    <noise_specifications>
                        <noise_mean>0</noise_mean>
                        <noise_std>0</noise_std>
                    </noise_specifications>
                </noise>
            </laser_specifications>
        </laser>
        <sonar>
            <sonar_specifications>
                <cone_angle>0.261799</cone_angle>
                <max_range>5</max_range>
                <min_range>0.1</min_range>
                <frequency>20</frequency>
                <frame_id>sonar_0</frame_id>
                <pose>
                    <x>0.076</x>
                    <y>0.1</y>
                    <theta>1.5708</theta>
                </pose>
                <noise>
                    <noise_specifications>
                        <noise_mean>0</noise_mean>
                        <noise_std>0</noise_std>
                    </noise_specifications>
                </noise>
            </sonar_specifications>
        </sonar>
        <sonar>
            <sonar_specifications>
                <cone_angle>0.261799</cone_angle>
                <max_range>5</max_range>
                <min_range>0.1</min_range>
                <frequency>20</frequency>
                <frame_id>sonar_1</frame_id>
                <pose>
                    <x>0.125</x>
                    <y>0.075</y>
                    <theta>0.715585</theta>
                </pose>
                <noise>
                    <noise_specifications>
                        <noise_mean>0</noise_mean>
                        <noise_std>0</noise_std>
                    </noise_specifications>
                </noise>
            </sonar_specifications>
        </sonar>
        <sonar>
            <sonar_specifications>
                <cone_angle>0.261799</cone_angle>
                <max_range>5</max_range>
                <min_range>0.1</min_range>
                <frequency>20</frequency>
                <frame_id>sonar_2</frame_id>
                <pose>
                    <x>0.150</x>
                    <y>0.03</y>
                    <theta>0.261799</theta>
                </pose>
                <noise>
                    <noise_specifications>
                        <noise_mean>0</noise_mean>
                        <noise_std>0</noise_std>
                    </noise_specifications>
                </noise>
            </sonar_specifications>
        </sonar>
        <sonar>
            <sonar_specifications>
                <cone_angle>0.261799</cone_angle>
                <max_range>5</max_range>
                <min_range>0.1</min_range>
                <frequency>20</frequency>
                <frame_id>sonar_3</frame_id>
                <pose>
                    <x>0.150</x>
                    <y>-0.03</y>
                    <theta>-0.261799</theta>
                </pose>
                <noise>
                    <noise_specifications>
                        <noise_mean>0</noise_mean>
                        <noise_std>0</noise_std>
                    </noise_specifications>
                </noise>
            </sonar_specifications>
        </sonar>
        <sonar>
            <sonar_specifications>
                <cone_angle>0.261799</cone_angle>
                <max_range>5</max_range>
                <min_range>0.1</min_range>
                <frequency>20</frequency>
                <frame_id>sonar_4</frame_id>
                <pose>
                    <x>0.125</x>
                    <y>-0.075</y>
                    <theta>-0.715585</theta>
                </pose>
                <noise>
                    <noise_specifications>
                        <noise_mean>0</noise_mean>
                        <noise_std>0</noise_std>
                    </noise_specifications>
                </noise>
            </sonar_specifications>
        </sonar>
        <sonar>
            <sonar_specifications>
                <cone_angle>0.261799</cone_angle>
                <max_range>5</max_range>
                <min_range>0.1</min_range>
                <frequency>20</frequency>
                <frame_id>sonar_5</frame_id>
                <pose>
                    <x>0.076</x>
                    <y>-0.1</y>
                    <theta>-1.5708</theta>
                </pose>
                <noise>
                    <noise_specifications>
                        <noise_mean>0</noise_mean>
                        <noise_std>0</noise_std>
                    </noise_specifications>
                </noise>
            </sonar_specifications>
        </sonar>
        <sonar>
            <sonar_specifications>
                <cone_angle>0.261799</cone_angle>
                <max_range>5</max_range>
                <min_range>0.1</min_range>
                <frequency>20</frequency>
                <frame_id>sonar_6</frame_id>
                <pose>
                    <x>-0.14</x>
                    <y>-0.058</y>
                    <theta>-2.53073</theta>
                </pose>
                <noise>
                    <noise_specifications>
                        <noise_mean>0</noise_mean>
                        <noise_std>0</noise_std>
                    </noise_specifications>
                </noise>
            </sonar_specifications>
        </sonar>
        <sonar>
            <sonar_specifications>
                <cone_angle>0.261799</cone_angle>
                <max_range>5</max_range>
                <min_range>0.1</min_range>
                <frequency>20</frequency>
                <frame_id>sonar_7</frame_id>
                <pose>
                    <x>-0.14</x>
                    <y>0.058</y>
                    <theta>2.53073</theta>
                </pose>
                <noise>
                    <noise_specifications>
                        <noise_mean>0</noise_mean>
                        <noise_std>0</noise_std>
                    </noise_specifications>
                </noise>
            </sonar_specifications>
        </sonar>
    </robot_specifications>
</robot>
