<?xml version="1.0" encoding="UTF-8" standalone="yes"?>
<?mso-application progid="Word.Document"?>
<w:wordDocument xmlns:w="http://schemas.microsoft.com/office/word/2003/wordml" xmlns:v="urn:schemas-microsoft-com:vml" xmlns:w10="urn:schemas-microsoft-com:office:word" xmlns:sl="http://schemas.microsoft.com/schemaLibrary/2003/core" xmlns:aml="http://schemas.microsoft.com/aml/2001/core" xmlns:wx="http://schemas.microsoft.com/office/word/2003/auxHint" xmlns:o="urn:schemas-microsoft-com:office:office" xmlns:dt="uuid:C2F41010-65B3-11d1-A29F-00AA00C14882" w:macrosPresent="no" w:embeddedObjPresent="no" w:ocxPresent="no" xml:space="preserve"><o:DocumentProperties></o:DocumentProperties><w:fonts><w:defaultFonts w:ascii="Times New Roman" w:fareast="Times New Roman" w:h-ansi="Times New Roman" w:cs="Times New Roman"/></w:fonts><w:docPr>w:defaultTabStop w:val="720"/></w:docPr><w:body><wx:sect><w:p><w:pPr></w:pPr><w:r><w:rPr><w:rFonts w:ascii="Times" w:h-ansi="Times" w:cs="Times"/><wx:font wx:val="Times"/><w:sz w:val="32"/><w:sz-cs w:val="32"/><w:spacing w:val="0"/></w:rPr><w:t>0 0 0 0.15 3.14159 -3.14159 8 0.15 400 10 laser_1 0 0 0 0 1 0.261799 5 0.1 10 sonar_0 0.076 0.1 1.5708 2 2 0.261799 5 0.1 10 sonar_1 0.125 0.075 0.715585 0 2 0.261799 5 0.1 10 sonar_2 0.15 0.03 0.261799 0 2 0.261799 5 0.1 10 sonar_3 0.15 -0.03 -0.261799 0 2 0.261799 5 0.1 10 sonar_4 0.125 -0.075 -0.715585 0 2 0.261799 5 0.1 10 sonar_5 0.076 -0.1 -1.5708 0 2 0.261799 5 0.1 10 sonar_6 -0.14 -0.058 -2.53073 0 2 0.261799 5 0.1 10 sonar_7 -0.14 0.058 2.53073 0 2</w:t></w:r></w:p><w:sectPr><w:pgSz w:w="11900" w:h="16840"/><w:pgMar w:top="1440" w:right="1440" w:bottom="1440" w:left="1440"/></w:sectPr></wx:sect></w:body></w:wordDocument>